timestamp,close
2025-05-26 00:00:00+00:00,0.6501189470291138
2025-05-27 00:00:00+00:00,0.6481007933616638
2025-05-28 00:00:00+00:00,0.6447120904922485
2025-05-29 00:00:00+00:00,0.6425207257270813
2025-05-30 00:00:00+00:00,0.6445998549461365
2025-06-02 00:00:00+00:00,0.644321620464325
2025-06-03 00:00:00+00:00,0.6498401165008545
2025-06-04 00:00:00+00:00,0.646608829498291
2025-06-05 00:00:00+00:00,0.6490682363510132
2025-06-06 00:00:00+00:00,0.6510501503944397
2025-06-09 00:00:00+00:00,0.6500217914581299
2025-06-10 00:00:00+00:00,0.6518101692199707
2025-06-11 00:00:00+00:00,0.6527202129364014
2025-06-12 00:00:00+00:00,0.6509501338005066
2025-06-13 00:00:00+00:00,0.6527999043464661
2025-06-16 00:00:00+00:00,0.6499997973442078
2025-06-17 00:00:00+00:00,0.6511001586914062
2025-06-18 00:00:00+00:00,0.6479797959327698
2025-06-19 00:00:00+00:00,0.6507408618927002
2025-06-20 00:00:00+00:00,0.6488786935806274
2025-06-23 00:00:00+00:00,0.6446704864501953
2025-06-24 00:00:00+00:00,0.6477800011634827
2025-06-25 00:00:00+00:00,0.6495999097824097
2025-06-26 00:00:00+00:00,0.6523114442825317
2025-06-27 00:00:00+00:00,0.654630184173584
2025-06-30 00:00:00+00:00,0.6533215045928955
2025-07-01 00:00:00+00:00,0.6578081846237183
2025-07-02 00:00:00+00:00,0.6583105325698853
2025-07-03 00:00:00+00:00,0.6582901477813721
2025-07-04 00:00:00+00:00,0.6577298641204834
2025-07-07 00:00:00+00:00,0.6551792025566101
2025-07-08 00:00:00+00:00,0.6506096124649048
2025-07-09 00:00:00+00:00,0.6524518728256226
2025-07-10 00:00:00+00:00,0.6535905003547668
2025-07-11 00:00:00+00:00,0.6594000458717346
2025-07-14 00:00:00+00:00,0.6578081846237183
2025-07-15 00:00:00+00:00,0.6544716358184814
2025-07-16 00:00:00+00:00,0.651898980140686
2025-07-17 00:00:00+00:00,0.6525000333786011
2025-07-18 00:00:00+00:00,0.649819016456604
2025-07-21 00:00:00+00:00,0.6512112617492676
2025-07-22 00:00:00+00:00,0.6528096795082092
2025-07-23 00:00:00+00:00,0.6554712057113647
2025-07-24 00:00:00+00:00,0.6603999137878418
2025-07-25 00:00:00+00:00,0.6597176194190979
2025-07-28 00:00:00+00:00,0.6572980284690857
2025-07-29 00:00:00+00:00,0.6524008512496948
2025-07-30 00:00:00+00:00,0.651321530342102
2025-07-31 00:00:00+00:00,0.6447120904922485
2025-08-01 00:00:00+00:00,0.6429089903831482
2025-08-04 00:00:00+00:00,0.6469100117683411
2025-08-05 00:00:00+00:00,0.6474796533584595
2025-08-06 00:00:00+00:00,0.6472994685173035
2025-08-07 00:00:00+00:00,0.6500217914581299
2025-08-08 00:00:00+00:00,0.6525711417198181
2025-08-11 00:00:00+00:00,0.6517715454101562
2025-08-12 00:00:00+00:00,0.6514403223991394
2025-08-13 00:00:00+00:00,0.6529802083969116
2025-08-14 00:00:00+00:00,0.6551706194877625
2025-08-15 00:00:00+00:00,0.6497514843940735
2025-08-18 00:00:00+00:00,0.651296079158783
2025-08-19 00:00:00+00:00,0.6494801044464111
2025-08-20 00:00:00+00:00,0.6454598307609558
2025-08-21 00:00:00+00:00,0.6436100006103516
2025-08-22 00:00:00+00:00,0.6425496339797974
2025-08-25 00:00:00+00:00,0.6484898924827576
2025-08-26 00:00:00+00:00,0.6481099724769592
2025-08-27 00:00:00+00:00,0.6495801210403442
2025-08-28 00:00:00+00:00,0.6511399745941162
2025-08-29 00:00:00+00:00,0.6532399654388428
2025-09-01 00:00:00+00:00,0.6543598771095276
2025-09-02 00:00:00+00:00,0.6556801199913025
2025-09-03 00:00:00+00:00,0.6518301367759705
2025-09-04 00:00:00+00:00,0.6544399857521057
2025-09-05 00:00:00+00:00,0.6521999835968018
2025-09-08 00:00:00+00:00,0.655450165271759
2025-09-09 00:00:00+00:00,0.6598090529441833
2025-09-10 00:00:00+00:00,0.6584700345993042
2025-09-11 00:00:00+00:00,0.6619316339492798
2025-09-12 00:00:00+00:00,0.6668000221252441
2025-09-15 00:00:00+00:00,0.6648998260498047
2025-09-16 00:00:00+00:00,0.6673001646995544
2025-09-17 00:00:00+00:00,0.6688998937606812
2025-09-18 00:00:00+00:00,0.6652501225471497
2025-09-19 00:00:00+00:00,0.6617901921272278
2025-09-22 00:00:00+00:00,0.6589308381080627
2025-09-23 00:00:00+00:00,0.660199761390686
2025-09-24 00:00:00+00:00,0.6597799062728882
2025-09-25 00:00:00+00:00,0.6586921215057373
2025-09-26 00:00:00+00:00,0.6537314653396606
2025-09-29 00:00:00+00:00,0.6553998589515686
2025-09-30 00:00:00+00:00,0.6581978797912598
2025-10-01 00:00:00+00:00,0.6610700488090515
2025-10-02 00:00:00+00:00,0.6615498065948486
2025-10-03 00:00:00+00:00,0.6598090529441833
2025-10-06 00:00:00+00:00,0.6593101024627686
2025-10-07 00:00:00+00:00,0.6616500020027161
2025-10-08 00:00:00+00:00,0.6580505967140198
2025-10-09 00:00:00+00:00,0.6584500670433044
2025-10-10 00:00:00+00:00,0.6561291813850403
2025-10-13 00:00:00+00:00,0.6498401165008545
2025-10-14 00:00:00+00:00,0.651159942150116
2025-10-15 00:00:00+00:00,0.6491301655769348
2025-10-16 00:00:00+00:00,0.6508001685142517
2025-10-17 00:00:00+00:00,0.64823979139328
2025-10-20 00:00:00+00:00,0.6501701474189758
2025-10-21 00:00:00+00:00,0.6516313552856445
2025-10-22 00:00:00+00:00,0.6491904854774475
2025-10-23 00:00:00+00:00,0.6489999890327454
2025-10-24 00:00:00+00:00,0.6514798402786255
2025-10-27 00:00:00+00:00,0.653398334980011
2025-10-28 00:00:00+00:00,0.6558598279953003
2025-10-29 00:00:00+00:00,0.6585099697113037
2025-10-30 00:00:00+00:00,0.657680094242096
2025-10-31 00:00:00+00:00,0.6559299826622009
2025-11-03 00:00:00+00:00,0.6545702219009399
2025-11-04 00:00:00+00:00,0.6541078090667725
2025-11-05 00:00:00+00:00,0.6485601663589478
2025-11-06 00:00:00+00:00,0.6509907841682434
2025-11-07 00:00:00+00:00,0.6483898758888245
2025-11-10 00:00:00+00:00,0.650239884853363
2025-11-11 00:00:00+00:00,0.653488039970398
2025-11-12 00:00:00+00:00,0.6529499292373657
2025-11-13 00:00:00+00:00,0.6536400318145752
2025-11-14 00:00:00+00:00,0.6529000401496887
2025-11-17 00:00:00+00:00,0.6533001661300659
2025-11-18 00:00:00+00:00,0.6492701172828674
2025-11-19 00:00:00+00:00,0.6509018540382385
2025-11-20 00:00:00+00:00,0.649000883102417
2025-11-21 00:00:00+00:00,0.6449499130249023
2025-11-24 00:00:00+00:00,0.6462398767471313
2025-11-25 00:00:00+00:00,0.6465799808502197
2025-11-26 00:00:00+00:00,0.6470301151275635
2025-11-27 00:00:00+00:00,0.6524859666824341
2025-11-28 00:00:00+00:00,0.653579831123352
2025-12-01 00:00:00+00:00,0.6551298499107361
2025-12-02 00:00:00+00:00,0.6544001698493958
2025-12-03 00:00:00+00:00,0.6573700904846191
2025-12-04 00:00:00+00:00,0.6605019569396973
2025-12-05 00:00:00+00:00,0.660641610622406
2025-12-08 00:00:00+00:00,0.6635400652885437
2025-12-09 00:00:00+00:00,0.6627300977706909
2025-12-10 00:00:00+00:00,0.6640987992286682
2025-12-11 00:00:00+00:00,0.6674498319625854
2025-12-12 00:00:00+00:00,0.6665000319480896
2025-12-15 00:00:00+00:00,0.6647300720214844
2025-12-16 00:00:00+00:00,0.6641799807548523
2025-12-17 00:00:00+00:00,0.6634001135826111
2025-12-18 00:00:00+00:00,0.6601501107215881
2025-12-19 00:00:00+00:00,0.6613800525665283
2025-12-22 00:00:00+00:00,0.6610198020935059
2025-12-23 00:00:00+00:00,0.6658400893211365
2025-12-24 00:00:00+00:00,0.6701900959014893
2025-12-26 00:00:00+00:00,0.6705604195594788
2025-12-29 00:00:00+00:00,0.6714099645614624
2025-12-30 00:00:00+00:00,0.6695501804351807
2025-12-31 00:00:00+00:00,0.6697999835014343
2026-01-02 00:00:00+00:00,0.6678299903869629
2026-01-05 00:00:00+00:00,0.6683902144432068
2026-01-06 00:00:00+00:00,0.6713401079177856
2026-01-07 00:00:00+00:00,0.6737000942230225
2026-01-08 00:00:00+00:00,0.672210156917572
2026-01-09 00:00:00+00:00,0.6701065301895142
2026-01-12 00:00:00+00:00,0.6685801148414612
2026-01-13 00:00:00+00:00,0.6707807779312134
2026-01-14 00:00:00+00:00,0.6683598756790161
2026-01-15 00:00:00+00:00,0.6682798862457275
2026-01-16 00:00:00+00:00,0.6704210042953491
2026-01-19 00:00:00+00:00,0.6687598824501038
2026-01-20 00:00:00+00:00,0.6709878444671631
2026-01-21 00:00:00+00:00,0.6731699109077454
2026-01-22 00:00:00+00:00,0.6754794120788574
2026-01-23 00:00:00+00:00,0.6840506792068481
2026-01-26 00:00:00+00:00,0.691399872303009
2026-01-27 00:00:00+00:00,0.691472053527832
2026-01-28 00:00:00+00:00,0.6995800137519836
2026-01-29 00:00:00+00:00,0.7039799094200134
2026-01-30 00:00:00+00:00,0.7047300934791565
2026-02-02 00:00:00+00:00,0.6946277618408203
2026-02-03 00:00:00+00:00,0.6955500841140747
2026-02-04 00:00:00+00:00,0.7022520899772644
2026-02-05 00:00:00+00:00,0.699440062046051
2026-02-06 00:00:00+00:00,0.6916399002075195
2026-02-09 00:00:00+00:00,0.7033699154853821
2026-02-10 00:00:00+00:00,0.7083597779273987
2026-02-11 00:00:00+00:00,0.7074797749519348
2026-02-12 00:00:00+00:00,0.7125298380851746
2026-02-13 00:00:00+00:00,0.7087101936340332
2026-02-16 00:00:00+00:00,0.7070400714874268
2026-02-17 00:00:00+00:00,0.7072985768318176
2026-02-18 00:00:00+00:00,0.708320140838623
2026-02-19 00:00:00+00:00,0.704379141330719
2026-02-20 00:00:00+00:00,0.7056102752685547
2026-02-23 00:00:00+00:00,0.7111399173736572
2026-02-24 00:00:00+00:00,0.706070065498352
2026-02-25 00:00:00+00:00,0.7060999870300293
2026-02-26 00:00:00+00:00,0.7120498418807983
2026-02-27 00:00:00+00:00,0.71017986536026
2026-03-02 00:00:00+00:00,0.7058109045028687
2026-03-03 00:00:00+00:00,0.710580050945282
2026-03-04 00:00:00+00:00,0.7040701508522034
2026-03-05 00:00:00+00:00,0.7075998783111572
2026-03-06 00:00:00+00:00,0.7011299729347229
2026-03-09 00:00:00+00:00,0.6966199278831482
2026-03-10 00:00:00+00:00,0.7068586349487305
2026-03-11 00:00:00+00:00,0.712100088596344
2026-03-12 00:00:00+00:00,0.7129209637641907
2026-03-13 00:00:00+00:00,0.7075298428535461
2026-03-16 00:00:00+00:00,0.7005700469017029
2026-03-17 00:00:00+00:00,0.706848680973053
2026-03-18 00:00:00+00:00,0.710909903049469
2026-03-19 00:00:00+00:00,0.7029501795768738
2026-03-20 00:00:00+00:00,0.708109974861145
2026-03-23 00:00:00+00:00,0.7007802128791809
2026-03-24 00:00:00+00:00,0.7006098031997681
2026-03-25 00:00:00+00:00,0.6996901631355286
2026-03-26 00:00:00+00:00,0.6942901611328125
2026-03-27 00:00:00+00:00,0.6887398958206177
2026-03-30 00:00:00+00:00,0.6850901246070862
2026-03-31 00:00:00+00:00,0.6845901012420654
2026-04-01 00:00:00+00:00,0.692051112651825
2026-04-02 00:00:00+00:00,0.6923999190330505
2026-04-03 00:00:00+00:00,0.6911499500274658
2026-04-06 00:00:00+00:00,0.6885501742362976
2026-04-07 00:00:00+00:00,0.6916901469230652
2026-04-08 00:00:00+00:00,0.707679033279419
2026-04-09 00:00:00+00:00,0.703937828540802
2026-04-10 00:00:00+00:00,0.7075698375701904
2026-04-13 00:00:00+00:00,0.7019898295402527
2026-04-14 00:00:00+00:00,0.7099298238754272
2026-04-15 00:00:00+00:00,0.7129300832748413
2026-04-16 00:00:00+00:00,0.7175799012184143
2026-04-17 00:00:00+00:00,0.7159000635147095
2026-04-20 00:00:00+00:00,0.7134998440742493
2026-04-21 00:00:00+00:00,0.7174198627471924
2026-04-22 00:00:00+00:00,0.7156198024749756
2026-04-23 00:00:00+00:00,0.7158001661300659
2026-04-24 00:00:00+00:00,0.7129616141319275
2026-04-27 00:00:00+00:00,0.7143500447273254
2026-04-28 00:00:00+00:00,0.7190897464752197
2026-04-29 00:00:00+00:00,0.7187212109565735
2026-04-30 00:00:00+00:00,0.7131141424179077
2026-05-01 00:00:00+00:00,0.720079779624939
2026-05-04 00:00:00+00:00,0.7212925553321838
2026-05-05 00:00:00+00:00,0.7167482376098633
2026-05-06 00:00:00+00:00,0.7203900218009949
2026-05-07 00:00:00+00:00,0.7235099673271179
2026-05-08 00:00:00+00:00,0.7208600044250488
2026-05-11 00:00:00+00:00,0.7236999869346619
2026-05-12 00:00:00+00:00,0.7246218919754028
2026-05-13 00:00:00+00:00,0.7237801551818848
2026-05-14 00:00:00+00:00,0.7254998683929443
2026-05-15 00:00:00+00:00,0.7214298844337463
2026-05-18 00:00:00+00:00,0.7130200862884521
2026-05-19 00:00:00+00:00,0.7172901630401611
2026-05-20 00:00:00+00:00,0.7106598019599915
2026-05-21 00:00:00+00:00,0.7150007486343384
2026-05-22 00:00:00+00:00,0.7148299813270569
2026-05-25 00:00:00+00:00,0.7157202363014221
2026-05-26 00:00:00+00:00,0.7161272168159485
