timestamp,bid,ask,close
2026-01-01 00:00:00+00:00,75.01330410594126,75.02830826717856,75.02080618655991
2026-01-01 01:00:00+00:00,74.79705672954574,74.8120176369824,74.80453718326407
2026-01-01 02:00:00+00:00,74.84997816578613,74.86494965856855,74.85746391217734
2026-01-01 03:00:00+00:00,74.68648102262027,74.7014198127038,74.69395041766204
2026-01-01 04:00:00+00:00,74.6053692424922,74.6202918085973,74.61283052554475
2026-01-01 05:00:00+00:00,75.1064384465793,75.1214612365476,75.11394984156345
2026-01-01 06:00:00+00:00,75.51022903219743,75.52533258835948,75.51778081027845
2026-01-01 07:00:00+00:00,75.11872079994738,75.13374604663203,75.1262334232897
2026-01-01 08:00:00+00:00,75.36844873679088,75.38352393405798,75.37598633542443
2026-01-01 09:00:00+00:00,75.61346092429366,75.62858512889898,75.62102302659632
2026-01-01 10:00:00+00:00,75.2669606353081,75.28201553292493,75.27448808411651
2026-01-01 11:00:00+00:00,75.51387236493771,75.52897664983918,75.52142450738845
2026-01-01 12:00:00+00:00,75.97984494199662,75.99504243073389,75.98744368636525
2026-01-01 13:00:00+00:00,75.63944661738122,75.65457601964494,75.64701131851308
2026-01-01 14:00:00+00:00,75.36235776539104,75.377431744342,75.36989475486652
2026-01-01 15:00:00+00:00,75.66975646674062,75.68489193158045,75.67732419916054
2026-01-01 16:00:00+00:00,75.75197703986831,75.76712895046734,75.75955299516782
2026-01-01 17:00:00+00:00,75.91926315323884,75.93444852440662,75.92685583882273
2026-01-01 18:00:00+00:00,76.02276276832463,76.03796884148561,76.03036580490512
2026-01-01 19:00:00+00:00,76.14166278487359,76.1568926404161,76.14927771264485
2026-01-01 20:00:00+00:00,75.73873350512937,75.75388276675656,75.74630813594297
2026-01-01 21:00:00+00:00,76.05668910789313,76.07190196700063,76.06429553744688
2026-01-01 22:00:00+00:00,76.41334330549596,76.42862750257676,76.42098540403636
2026-01-01 23:00:00+00:00,76.34326140797985,76.35853158727939,76.35089649762962
2026-01-02 00:00:00+00:00,76.32998587379333,76.34525339772048,76.33761963575691
2026-01-02 01:00:00+00:00,75.86393681678153,75.87911112157538,75.87152396917845
2026-01-02 02:00:00+00:00,76.02015099073567,76.0353565414889,76.02775376611228
2026-01-02 03:00:00+00:00,76.19430173558503,76.20954211997058,76.2019219277778
2026-01-02 04:00:00+00:00,76.17534968851899,76.19058628211604,76.18296798531752
2026-01-02 05:00:00+00:00,76.51871327521015,76.5340185483925,76.52636591180132
2026-01-02 06:00:00+00:00,76.41652892594857,76.43181376021718,76.42417134308288
2026-01-02 07:00:00+00:00,76.58930485340817,76.60462424631812,76.59696454986315
2026-01-02 08:00:00+00:00,76.27755950526817,76.29281654287298,76.28518802407058
2026-01-02 09:00:00+00:00,76.27037384139001,76.28562944171833,76.27800164155417
2026-01-02 10:00:00+00:00,76.21720012794762,76.23244509246967,76.22482261020865
2026-01-02 11:00:00+00:00,76.28592044569871,76.30117915565884,76.29354980067878
2026-01-02 12:00:00+00:00,76.17324493190422,76.18848110450786,76.18086301820604
2026-01-02 13:00:00+00:00,76.13319668639305,76.14842484854655,76.1408107674698
2026-01-02 14:00:00+00:00,76.38517118989955,76.40044975199373,76.39281047094664
2026-01-02 15:00:00+00:00,76.25183844963375,76.26709034251296,76.25946439607335
2026-01-02 16:00:00+00:00,75.76339175497858,75.77854594874896,75.77096885186377
2026-01-02 17:00:00+00:00,76.29546905409116,76.31072967396396,76.30309936402756
2026-01-02 18:00:00+00:00,76.71823077780836,76.73357595848198,76.72590336814517
2026-01-02 19:00:00+00:00,76.32269350395985,76.33795956926717,76.33032653661351
2026-01-02 20:00:00+00:00,76.5335456526778,76.54885389263232,76.54119977265506
2026-01-02 21:00:00+00:00,76.37972267246386,76.39500014474558,76.38736140860472
2026-01-02 22:00:00+00:00,76.46026543072131,76.47555901316571,76.46791222194351
2026-01-02 23:00:00+00:00,76.55030422350143,76.56561581550534,76.55796001950338
2026-01-03 00:00:00+00:00,76.47856190896744,76.49385915107345,76.48621053002044
2026-01-03 01:00:00+00:00,76.23917227188566,76.25442163127597,76.24679695158082
2026-01-03 02:00:00+00:00,76.02887772662982,76.04408502290477,76.03648137476729
2026-01-03 03:00:00+00:00,75.75075948480692,75.76591115187058,75.75833531833875
2026-01-03 04:00:00+00:00,75.49913367670108,75.51423501357012,75.5066843451356
2026-01-03 05:00:00+00:00,75.4788487914285,75.49394607091475,75.48639743117162
2026-01-03 06:00:00+00:00,75.26305888643486,75.27811300362387,75.27058594502937
2026-01-03 07:00:00+00:00,75.46867253647181,75.48376778050351,75.47622015848766
2026-01-03 08:00:00+00:00,75.91897259482073,75.934157907871,75.92656525134586
2026-01-03 09:00:00+00:00,75.74302860297706,75.75817872370973,75.7506036633434
2026-01-03 10:00:00+00:00,75.81559623119202,75.83076086690181,75.82317854904692
2026-01-03 11:00:00+00:00,75.96728347066511,75.98247844685685,75.97488095876098
2026-01-03 12:00:00+00:00,76.11084587283472,76.12606956437844,76.11845771860658
2026-01-03 13:00:00+00:00,76.13397346474005,76.14920178226475,76.1415876235024
2026-01-03 14:00:00+00:00,76.36048320188385,76.37575682588664,76.36812001388525
2026-01-03 15:00:00+00:00,76.507924415107,76.52322753030154,76.51557597270427
2026-01-03 16:00:00+00:00,76.13009650137312,76.14532404342759,76.13771027240035
2026-01-03 17:00:00+00:00,76.39523286429872,76.41051343892903,76.40287315161387
2026-01-03 18:00:00+00:00,76.66685375315187,76.68218865739293,76.6745212052724
2026-01-03 19:00:00+00:00,76.43313574563713,76.44842390160186,76.4407798236195
2026-01-03 20:00:00+00:00,76.44473545665737,76.46002593279631,76.45238069472684
2026-01-03 21:00:00+00:00,76.65396889328011,76.66930122029146,76.66163505678578
2026-01-03 22:00:00+00:00,76.58981681280176,76.60513630811386,76.5974765604578
2026-01-03 23:00:00+00:00,76.91924000331723,76.93462538985655,76.92693269658689
2026-01-04 00:00:00+00:00,77.64999850162363,77.66553005447923,77.65776427805143
2026-01-04 01:00:00+00:00,77.4062546039677,77.42173740316842,77.41399600356806
2026-01-04 02:00:00+00:00,76.97982755724897,76.99522506251094,76.98752630987995
2026-01-04 03:00:00+00:00,77.07343603811596,77.08885226694646,77.08114415253121
2026-01-04 04:00:00+00:00,77.2962105813255,77.31167136952057,77.30394097542303
2026-01-04 05:00:00+00:00,77.22486314644757,77.2403096637286,77.23258640508809
2026-01-04 06:00:00+00:00,77.67508187234525,77.6906184423767,77.68285015736097
2026-01-04 07:00:00+00:00,77.2602880937133,77.27574169669235,77.26801489520282
2026-01-04 08:00:00+00:00,77.47472550154484,77.49022199629462,77.48247374891973
2026-01-04 09:00:00+00:00,77.28719722227817,77.30265620762114,77.29492671494965
2026-01-04 10:00:00+00:00,77.82057286582456,77.83613853696484,77.8283557013947
2026-01-04 11:00:00+00:00,78.44328584475542,78.45897607094699,78.4511309578512
2026-01-04 12:00:00+00:00,78.20309806862723,78.21874025245934,78.21091916054328
2026-01-04 13:00:00+00:00,78.03137859472534,78.04698643122794,78.03918251297664
2026-01-04 14:00:00+00:00,78.30013968888457,78.31580128298177,78.30797048593317
2026-01-04 15:00:00+00:00,78.17898398344322,78.19462134397595,78.18680266370959
2026-01-04 16:00:00+00:00,78.16478446159985,78.1804189819442,78.17260172177203
2026-01-04 17:00:00+00:00,78.17272278635414,78.18835889452222,78.18054084043818
2026-01-04 18:00:00+00:00,77.57475721147654,77.59027371456915,77.58251546302284
2026-01-04 19:00:00+00:00,77.570463491134,77.58597913539666,77.57822131326533
2026-01-04 20:00:00+00:00,77.35674842466,77.37222132163461,77.3644848731473
2026-01-04 21:00:00+00:00,77.20431330010189,77.2197557070026,77.21203450355225
2026-01-04 22:00:00+00:00,77.65142144689725,77.66695328437038,77.65918736563381
2026-01-04 23:00:00+00:00,77.26212239469395,77.27757636456987,77.2698493796319
2026-01-05 00:00:00+00:00,77.5138514221188,77.5293557428353,77.52160358247706
2026-01-05 01:00:00+00:00,77.42740569685806,77.4428927267004,77.43514921177923
2026-01-05 02:00:00+00:00,77.34080974183686,77.35627945075612,77.34854459629649
2026-01-05 03:00:00+00:00,77.58570867006823,77.60122736367161,77.59346801686992
2026-01-05 04:00:00+00:00,77.6913129582292,77.7068527748025,77.69908286651585
2026-01-05 05:00:00+00:00,77.86884217389378,77.88441749986116,77.87662983687747
2026-01-05 06:00:00+00:00,78.1709925450676,78.18662830715283,78.17881042611022
2026-01-05 07:00:00+00:00,78.06746633781196,78.083081392585,78.07527386519848
2026-01-05 08:00:00+00:00,77.87651716279515,77.89209402391381,77.88430559335448
2026-01-05 09:00:00+00:00,77.53921875703918,77.55472815173005,77.54697345438461
2026-01-05 10:00:00+00:00,77.28363416304977,77.29909243570965,77.29136329937971
2026-01-05 11:00:00+00:00,78.2006994918005,78.21634119586928,78.20852034383489
2026-01-05 12:00:00+00:00,78.5910095629407,78.60672933683067,78.59886944988568
2026-01-05 13:00:00+00:00,78.16742598597322,78.18306103467528,78.17524351032425
2026-01-05 14:00:00+00:00,77.7550251752874,77.7705777355785,77.76280145543295
2026-01-05 15:00:00+00:00,77.90503973373303,77.9206222999364,77.91283101683472
2026-01-05 16:00:00+00:00,78.07576527285049,78.09138198757653,78.08357363021351
2026-01-05 17:00:00+00:00,78.2473716898464,78.26302272928831,78.25519720956736
2026-01-05 18:00:00+00:00,78.16761388321805,78.18324896950332,78.17543142636069
2026-01-05 19:00:00+00:00,78.12839788304593,78.14402512534677,78.13621150419635
2026-01-05 20:00:00+00:00,78.23093191365194,78.24657966480979,78.23875578923086
2026-01-05 21:00:00+00:00,78.25781449114706,78.27346761935812,78.26564105525259
2026-01-05 22:00:00+00:00,77.56617854151429,77.5816933287013,77.5739359351078
2026-01-05 23:00:00+00:00,77.49491258361789,77.51041311618786,77.50266284990288
2026-01-06 00:00:00+00:00,77.23144280920546,77.24689064255064,77.23916672587805
2026-01-06 01:00:00+00:00,77.28558910380318,77.3010477674903,77.29331843564674
2026-01-06 02:00:00+00:00,78.21399111572362,78.22963547838302,78.22181329705332
2026-01-06 03:00:00+00:00,78.32904448589002,78.34471186152476,78.33687817370739
2026-01-06 04:00:00+00:00,78.23087213570618,78.24651987490724,78.2386960053067
2026-01-06 05:00:00+00:00,78.51985792510985,78.53556346724909,78.52771069617947
2026-01-06 06:00:00+00:00,78.67160670987305,78.6873426048045,78.67947465733877
2026-01-06 07:00:00+00:00,78.80391587757994,78.81967823699141,78.81179705728567
2026-01-06 08:00:00+00:00,78.99543704539929,79.0112377128751,79.0033373791372
2026-01-06 09:00:00+00:00,79.64794742867761,79.6638786112816,79.65591301997961
2026-01-06 10:00:00+00:00,79.28846933033377,79.30432861012783,79.2963989702308
2026-01-06 11:00:00+00:00,79.43882596239396,79.45471531652186,79.44677063945791
2026-01-06 12:00:00+00:00,79.14500815569852,79.16083874038813,79.15292344804332
2026-01-06 13:00:00+00:00,79.32106790178946,79.33693370194985,79.32900080186965
2026-01-06 14:00:00+00:00,79.03011803200872,79.04592563637556,79.03802183419214
2026-01-06 15:00:00+00:00,78.89828990982632,78.91407114593189,78.9061805278791
2026-01-06 16:00:00+00:00,78.80521649227408,78.82097911183449,78.81309780205429
2026-01-06 17:00:00+00:00,79.1134153835383,79.12923964904155,79.12132751628992
2026-01-06 18:00:00+00:00,79.40459820408095,79.42048071197256,79.41253945802676
2026-01-06 19:00:00+00:00,79.00991958571893,79.0257231499925,79.01782136785572
2026-01-06 20:00:00+00:00,79.0272828520907,79.04308988936486,79.03518637072779
2026-01-06 21:00:00+00:00,78.80329620373865,78.81905843920293,78.8111773214708
2026-01-06 22:00:00+00:00,78.40759568047467,78.42327876791951,78.41543722419709
2026-01-06 23:00:00+00:00,78.3395620730707,78.35523155243324,78.34739681275197
2026-01-07 00:00:00+00:00,78.24295606169298,78.25860621792094,78.25078113980696
2026-01-07 01:00:00+00:00,79.0061480560178,79.02195086591,79.0140494609639
2026-01-07 02:00:00+00:00,79.14309255698352,79.15892275851506,79.15100765774929
2026-01-07 03:00:00+00:00,78.70817631647971,78.72391952606397,78.71604792127184
2026-01-07 04:00:00+00:00,78.53056768189785,78.54627536620265,78.53842152405025
2026-01-07 05:00:00+00:00,78.85206321508672,78.86783520492871,78.85994921000771
2026-01-07 06:00:00+00:00,79.51353434371971,79.52943864101819,79.52148649236895
2026-01-07 07:00:00+00:00,79.01070244185719,79.02650616271764,79.01860430228741
2026-01-07 08:00:00+00:00,78.41879413191941,78.43447945927852,78.42663679559897
2026-01-07 09:00:00+00:00,79.00787099876433,79.02367415327953,79.01577257602193
2026-01-07 10:00:00+00:00,79.13109734194416,79.14692514419278,79.13901124306847
2026-01-07 11:00:00+00:00,78.856738239022,78.8725111639623,78.86462470149215
2026-01-07 12:00:00+00:00,79.02555510709827,79.04136179878886,79.03345845294356
2026-01-07 13:00:00+00:00,78.19676602914892,78.21240694644648,78.2045864877977
2026-01-07 14:00:00+00:00,78.19782185107519,78.21346297955824,78.20564241531672
2026-01-07 15:00:00+00:00,78.30042871647065,78.31609036837914,78.30825954242489
2026-01-07 16:00:00+00:00,78.5904474902171,78.60616715168128,78.59830732094919
2026-01-07 17:00:00+00:00,78.2723627893833,78.28801882754499,78.28019080846414
2026-01-07 18:00:00+00:00,78.29919513383048,78.31485653899777,78.30702583641413
2026-01-07 19:00:00+00:00,78.00989090917928,78.02549444771496,78.01769267844712
2026-01-07 20:00:00+00:00,78.08962146170222,78.10524094794317,78.0974312048227
2026-01-07 21:00:00+00:00,77.81045264408108,77.82601629097458,77.81823446752783
2026-01-07 22:00:00+00:00,77.68353821595521,77.69907647742455,77.69130734668988
2026-01-07 23:00:00+00:00,77.37471982338421,77.39019631499805,77.38245806919113
2026-01-08 00:00:00+00:00,77.57650843017419,77.59202528354555,77.58426685685987
2026-01-08 01:00:00+00:00,77.84334886807758,77.85891909487387,77.85113398147573
2026-01-08 02:00:00+00:00,77.77032853406645,77.78588415533538,77.77810634470092
2026-01-08 03:00:00+00:00,77.78222456952643,77.79778257024041,77.79000356988342
2026-01-08 04:00:00+00:00,77.33282915666804,77.34829726931063,77.34056321298934
2026-01-08 05:00:00+00:00,77.24018532205878,77.2556349040814,77.24791011307009
2026-01-08 06:00:00+00:00,77.22467562373052,77.24012210350324,77.23239886361688
2026-01-08 07:00:00+00:00,78.03849345235129,78.05410271196773,78.04629808215951
2026-01-08 08:00:00+00:00,77.69215932175291,77.70769930761585,77.69992931468438
2026-01-08 09:00:00+00:00,78.14851475300236,78.16414601907957,78.15633038604096
2026-01-08 10:00:00+00:00,78.46074897641093,78.47644269557811,78.46859583599452
2026-01-08 11:00:00+00:00,78.54887419939378,78.56458554536825,78.55672987238101
2026-01-08 12:00:00+00:00,79.10337285492923,79.1191951117259,79.11128398332757
2026-01-08 13:00:00+00:00,79.22119971297776,79.23704553750282,79.2291226252403
2026-01-08 14:00:00+00:00,79.34461437740076,79.36048488732722,79.35254963236399
2026-01-08 15:00:00+00:00,79.32775681751676,79.34362395559407,79.33569038655541
2026-01-08 16:00:00+00:00,79.71696037434212,79.73290536091564,79.72493286762888
2026-01-08 17:00:00+00:00,80.06735698872714,80.08337206163216,80.07536452517965
2026-01-08 18:00:00+00:00,79.86722222579044,79.8831972677398,79.87520974676512
2026-01-08 19:00:00+00:00,79.44687385260686,79.46276481647375,79.4548193345403
2026-01-08 20:00:00+00:00,79.38239532356003,79.39827339043144,79.39033435699574
2026-01-08 21:00:00+00:00,79.12876545698795,79.14459279281293,79.13667912490044
2026-01-08 22:00:00+00:00,79.10866152662139,79.12448484125817,79.11657318393978
2026-01-08 23:00:00+00:00,79.5012005088256,79.51710233911041,79.509151423968
2026-01-09 00:00:00+00:00,79.35590931085191,79.37178207999101,79.36384569542146
2026-01-09 01:00:00+00:00,79.34231732154005,79.3581873720094,79.35025234677472
2026-01-09 02:00:00+00:00,79.36073409158824,79.37660782577997,79.3686709586841
2026-01-09 03:00:00+00:00,79.63052001261829,79.64644770939049,79.63848386100439
2026-01-09 04:00:00+00:00,78.91804265977112,78.93382784682177,78.92593525329644
2026-01-09 05:00:00+00:00,78.72675646146047,78.74250338744537,78.73462992445292
2026-01-09 06:00:00+00:00,78.79331930393029,78.80907954381506,78.80119942387267
2026-01-09 07:00:00+00:00,79.17246139438514,79.18829747027159,79.18037943232837
2026-01-09 08:00:00+00:00,79.01683404140596,79.03263898870895,79.02473651505746
2026-01-09 09:00:00+00:00,78.42593749786275,78.44162425403795,78.43378087595035
2026-01-09 10:00:00+00:00,78.62058445259629,78.63631014205575,78.62844729732602
2026-01-09 11:00:00+00:00,78.42102789207834,78.43671366623417,78.42887077915626
2026-01-09 12:00:00+00:00,78.04873487478416,78.06434618288993,78.05654052883705
2026-01-09 13:00:00+00:00,77.85406059277757,77.86963296213305,77.86184677745531
2026-01-09 14:00:00+00:00,77.79661760125919,77.8121784808674,77.8043980410633
2026-01-09 15:00:00+00:00,77.60865667199727,77.62417995566003,77.61641831382865
2026-01-09 16:00:00+00:00,76.92698396613334,76.9423709016201,76.93467743387671
2026-01-09 17:00:00+00:00,77.20351418903341,77.21895643609592,77.21123531256467
2026-01-09 18:00:00+00:00,77.59821906582525,77.61374026175801,77.60597966379163
2026-01-09 19:00:00+00:00,77.80071059142486,77.81627228971297,77.80849144056891
2026-01-09 20:00:00+00:00,77.44746395396783,77.46295499586282,77.45520947491532
2026-01-09 21:00:00+00:00,77.38506906817817,77.40054762984796,77.39280834901307
2026-01-09 22:00:00+00:00,77.38305048478813,77.39852864270088,77.3907895637445
2026-01-09 23:00:00+00:00,77.56861877648676,77.5841340517696,77.57637641412818
2026-01-10 00:00:00+00:00,77.77626520417736,77.79182201289906,77.78404360853821
2026-01-10 01:00:00+00:00,77.54819507000171,77.56370626013474,77.55595066506822
2026-01-10 02:00:00+00:00,77.5736336710927,77.58914994945474,77.58139181027371
2026-01-10 03:00:00+00:00,77.71565512912605,77.73119981462042,77.72342747187324
2026-01-10 04:00:00+00:00,78.169536128759,78.18517159953183,78.17735386414542
2026-01-10 05:00:00+00:00,78.39013060094337,78.40581019502295,78.39797039798316
2026-01-10 06:00:00+00:00,78.6379384912721,78.65366765188641,78.64580307157925
2026-01-10 07:00:00+00:00,78.66431072526007,78.68004516084866,78.67217794305436
2026-01-10 08:00:00+00:00,79.10937622397263,79.12519968156319,79.11728795276791
2026-01-10 09:00:00+00:00,79.2391468620319,79.25499627634574,79.24707156918882
2026-01-10 10:00:00+00:00,78.96668886646253,78.98248378372756,78.97458632509505
2026-01-10 11:00:00+00:00,79.41121328278864,79.42709711382831,79.41915519830847
2026-01-10 12:00:00+00:00,79.63320838333917,79.64913661783928,79.64117250058922
2026-01-10 13:00:00+00:00,79.49220929042121,79.50810932228248,79.50015930635185
2026-01-10 14:00:00+00:00,79.33989158637907,79.35576115165286,79.34782636901596
2026-01-10 15:00:00+00:00,79.43406852288147,79.44995692542629,79.44201272415388
2026-01-10 16:00:00+00:00,79.58137555256071,79.59729341945793,79.58933448600932
2026-01-10 17:00:00+00:00,79.64420349977537,79.66013393351871,79.65216871664704
2026-01-10 18:00:00+00:00,79.74344099929654,79.75939128252473,79.75141614091064
2026-01-10 19:00:00+00:00,80.28753056338203,80.3035896754059,80.29556011939397
2026-01-10 20:00:00+00:00,80.63239532470212,80.64852341657624,80.64045937063918
2026-01-10 21:00:00+00:00,80.69390439078735,80.710044785705,80.70197458824617
2026-01-10 22:00:00+00:00,80.99830921414531,81.01451049611634,81.00640985513083
2026-01-10 23:00:00+00:00,80.66446832445287,80.68060283156846,80.67253557801067
2026-01-11 00:00:00+00:00,80.79296485747979,80.80912506647219,80.80104496197599
2026-01-11 01:00:00+00:00,81.37980273236852,81.39608032067383,81.38794152652117
2026-01-11 02:00:00+00:00,81.30885554853593,81.32511894598538,81.31698724726066
2026-01-11 03:00:00+00:00,81.03364179457495,81.0498501437688,81.04174596917187
2026-01-11 04:00:00+00:00,80.8225526623434,80.83871878948857,80.83063572591598
2026-01-11 05:00:00+00:00,80.47105153909317,80.48714735898298,80.47909944903807
2026-01-11 06:00:00+00:00,80.21884512634063,80.23489049990326,80.22686781312194
2026-01-11 07:00:00+00:00,80.10004625285906,80.11606786427076,80.10805705856491
2026-01-11 08:00:00+00:00,79.65096592780394,79.66689771416814,79.65893182098604
2026-01-11 09:00:00+00:00,79.65594214478385,79.67187492649099,79.66390853563742
2026-01-11 10:00:00+00:00,79.94394850871203,79.95993889745264,79.95194370308234
2026-01-11 11:00:00+00:00,79.65419642225899,79.6701288547867,79.66216263852284
2026-01-11 12:00:00+00:00,80.1397396442594,80.15576919514332,80.14775441970136
2026-01-11 13:00:00+00:00,80.30364601133888,80.31970834677469,80.31167717905679
2026-01-11 14:00:00+00:00,80.63536678569604,80.65149547192179,80.64343112880891
2026-01-11 15:00:00+00:00,80.42346677612112,80.43955307810653,80.43150992711382
2026-01-11 16:00:00+00:00,80.69883264702015,80.71497402768763,80.70690333735389
2026-01-11 17:00:00+00:00,80.34713011362214,80.36320114674817,80.35516563018516
2026-01-11 18:00:00+00:00,80.63375547289091,80.64988383682187,80.64181965485639
2026-01-11 19:00:00+00:00,80.68919873059575,80.70533818428724,80.6972684574415
2026-01-11 20:00:00+00:00,80.86796205023815,80.8841372601692,80.87604965520367
2026-01-11 21:00:00+00:00,80.48858298147545,80.50468230800439,80.49663264473992
2026-01-11 22:00:00+00:00,80.20092662071963,80.21696841022273,80.20894751547118
2026-01-11 23:00:00+00:00,80.39274867861735,80.40882883636885,80.4007887574931
2026-01-12 00:00:00+00:00,80.08836515557869,80.1043844305373,80.09637479305799
2026-01-12 01:00:00+00:00,80.23689244929797,80.25294143268617,80.24491694099207
2026-01-12 02:00:00+00:00,79.79931045300997,79.8152719112464,79.80729118212818
2026-01-12 03:00:00+00:00,80.07050510275664,80.08652080534745,80.07851295405204
2026-01-12 04:00:00+00:00,79.67672153775094,79.69265847575228,79.68469000675161
2026-01-12 05:00:00+00:00,79.85293790802122,79.86891009282131,79.86092400042126
2026-01-12 06:00:00+00:00,80.05302203362795,80.06903423925523,80.06102813644159
2026-01-12 07:00:00+00:00,79.8302179061952,79.84618554654048,79.83820172636784
2026-01-12 08:00:00+00:00,80.01628764792882,80.0322925059442,80.02429007693651
2026-01-12 09:00:00+00:00,80.09968957539374,80.11571111546283,80.10770034542828
2026-01-12 10:00:00+00:00,79.92723123605651,79.94321828100823,79.93522475853237
2026-01-12 11:00:00+00:00,79.60543683319911,79.6213595128337,79.6133981730164
2026-01-12 12:00:00+00:00,78.98294078163711,78.99873894961023,78.99083986562367
2026-01-12 13:00:00+00:00,79.09348362215738,79.10930390090968,79.10139376153353
2026-01-12 14:00:00+00:00,78.59996693647508,78.61568850201894,78.60782771924701
2026-01-12 15:00:00+00:00,78.6299488570108,78.64567641953845,78.63781263827462
2026-01-12 16:00:00+00:00,78.54713282112034,78.56284381878434,78.55498831995234
2026-01-12 17:00:00+00:00,78.76080178433104,78.77655552006148,78.76867865219626
2026-01-12 18:00:00+00:00,78.66570186204557,78.68143657588935,78.67356921896746
2026-01-12 19:00:00+00:00,78.56210517107895,78.57781916351242,78.56996216729569
2026-01-12 20:00:00+00:00,78.79243135752901,78.80819141980675,78.80031138866788
2026-01-12 21:00:00+00:00,78.89810230053703,78.91388349911699,78.90599289982701
2026-01-12 22:00:00+00:00,78.9979418371706,79.01374300565487,79.00584242141274
2026-01-12 23:00:00+00:00,79.14636578975498,79.16219664599856,79.15428121787677
2026-01-13 00:00:00+00:00,78.6617159312662,78.67744984784412,78.66958288955516
2026-01-13 01:00:00+00:00,78.90019789471333,78.91597951245404,78.90808870358369
2026-01-13 02:00:00+00:00,79.09373049948671,79.10955082761943,79.10164066355307
2026-01-13 03:00:00+00:00,78.77273060673677,78.78848672847029,78.78060866760353
2026-01-13 04:00:00+00:00,78.6958605961836,78.71160134237745,78.70373096928053
2026-01-13 05:00:00+00:00,78.68348828554281,78.69922655702706,78.69135742128493
2026-01-13 06:00:00+00:00,78.64116896554877,78.65689877232255,78.64903386893566
2026-01-13 07:00:00+00:00,78.74625967325787,78.76201050027521,78.75413508676654
2026-01-13 08:00:00+00:00,79.19841195075223,79.21425321726902,79.20633258401062
2026-01-13 09:00:00+00:00,79.54185128510777,79.55776124636093,79.54980626573435
2026-01-13 10:00:00+00:00,79.12543971191135,79.1412663825208,79.13335304721608
2026-01-13 11:00:00+00:00,79.32257111531779,79.33843721615092,79.33050416573435
2026-01-13 12:00:00+00:00,79.74535144449356,79.761302109849,79.75332677717128
2026-01-13 13:00:00+00:00,79.86883167196454,79.88480703583532,79.87681935389993
2026-01-13 14:00:00+00:00,80.21813461071001,80.23417984215529,80.22615722643265
2026-01-13 15:00:00+00:00,80.86642249767877,80.8825973996685,80.87450994867363
2026-01-13 16:00:00+00:00,81.19823631065,81.21447758203928,81.20635694634464
2026-01-13 17:00:00+00:00,81.27925037199263,81.29550784781462,81.28737910990363
2026-01-13 18:00:00+00:00,81.6197375856573,81.63606316573245,81.62790037569488
2026-01-13 19:00:00+00:00,81.667054123181,81.68338916751006,81.67522164534553
2026-01-13 20:00:00+00:00,81.6748628609989,81.69119946723171,81.6830311641153
2026-01-13 21:00:00+00:00,81.56013667468211,81.57645033338291,81.56829350403251
2026-01-13 22:00:00+00:00,82.0717836676069,82.08819966594024,82.07999166677357
2026-01-13 23:00:00+00:00,81.80354337658525,81.81990572149505,81.81172454904015
2026-01-14 00:00:00+00:00,82.30649565612794,82.3229586015537,82.31472712884081
2026-01-14 01:00:00+00:00,82.47122854668795,82.48772444198683,82.47947649433739
2026-01-14 02:00:00+00:00,82.01090800981001,82.02731183179418,82.0191099208021
2026-01-14 03:00:00+00:00,82.13160174337963,82.14802970652462,82.13981572495213
2026-01-14 04:00:00+00:00,81.44457715974755,81.46086770423395,81.45272243199075
2026-01-14 05:00:00+00:00,81.64860924448077,81.66494059946517,81.65677492197297
2026-01-14 06:00:00+00:00,81.938233388471,81.95462267407727,81.94642803127414
2026-01-14 07:00:00+00:00,81.74431681229888,81.76066731071117,81.75249206150502
2026-01-14 08:00:00+00:00,81.78472408392562,81.80108266460047,81.79290337426305
2026-01-14 09:00:00+00:00,82.42651002385897,82.4429969745588,82.43475349920888
2026-01-14 10:00:00+00:00,82.25993083127085,82.27638446280025,82.26815764703555
2026-01-14 11:00:00+00:00,81.91224502587987,81.92862911329378,81.92043706958682
2026-01-14 12:00:00+00:00,82.3991519677203,82.41563344626171,82.407392706991
2026-01-14 13:00:00+00:00,83.04855975203076,83.06517112511848,83.05686543857462
2026-01-14 14:00:00+00:00,83.04978744200214,83.06639906065242,83.05809325132728
2026-01-14 15:00:00+00:00,83.38647523763825,83.40315420058207,83.39481471911016
2026-01-14 16:00:00+00:00,83.83512165071669,83.85189035191694,83.84350600131681
2026-01-14 17:00:00+00:00,83.58650599603278,83.6032249691293,83.59486548258104
2026-01-14 18:00:00+00:00,83.42440330922588,83.44108985854265,83.43274658388427
2026-01-14 19:00:00+00:00,83.83615599646795,83.85292490455807,83.84454045051301
2026-01-14 20:00:00+00:00,84.40312503164037,84.42000734487803,84.4115661882592
2026-01-14 21:00:00+00:00,84.59337474158767,84.61029510857267,84.60183492508017
2026-01-14 22:00:00+00:00,84.29619211814925,84.31305304266532,84.30462258040728
2026-01-14 23:00:00+00:00,84.9688686163243,84.98586408959488,84.97736635295959
2026-01-15 00:00:00+00:00,84.78859613714909,84.80555555231803,84.79707584473356
2026-01-15 01:00:00+00:00,84.6750088410361,84.69194553647385,84.68347718875498
2026-01-15 02:00:00+00:00,84.79103810196533,84.80799800557607,84.7995180537707
2026-01-15 03:00:00+00:00,85.31979544835285,85.3368611140091,85.32832828118097
2026-01-15 04:00:00+00:00,85.61173801089657,85.62886207090474,85.62030004090066
2026-01-15 05:00:00+00:00,85.75392538164316,85.7710778819695,85.76250163180633
2026-01-15 06:00:00+00:00,85.91298796002631,85.93017227604993,85.92158011803812
2026-01-15 07:00:00+00:00,85.92794316234291,85.94513046970611,85.93653681602451
2026-01-15 08:00:00+00:00,86.1199965897059,86.13722231159603,86.12860945065097
2026-01-15 09:00:00+00:00,85.25300736805649,85.27005967476076,85.26153352140862
2026-01-15 10:00:00+00:00,85.15192063449848,85.1689527218341,85.16043667816629
2026-01-15 11:00:00+00:00,85.23415642371013,85.2512049598485,85.24268069177931
2026-01-15 12:00:00+00:00,84.8426355495936,84.85960577372593,84.85112066165976
2026-01-15 13:00:00+00:00,84.9738436548146,84.99084012319241,84.98234188900351
2026-01-15 14:00:00+00:00,84.90437324582996,84.9213558187364,84.91286453228318
2026-01-15 15:00:00+00:00,85.50266160451261,85.51976384705776,85.51121272578519
2026-01-15 16:00:00+00:00,86.0423471891788,86.05955737963569,86.05095228440724
2026-01-15 17:00:00+00:00,85.88218043064835,85.89935858454986,85.8907695075991
2026-01-15 18:00:00+00:00,85.83037897320433,85.84754676577823,85.83896286949128
2026-01-15 19:00:00+00:00,85.80499493724349,85.82215765250245,85.81357629487297
2026-01-15 20:00:00+00:00,85.6501163278919,85.6672480643311,85.6586821961115
2026-01-15 21:00:00+00:00,85.71695804638772,85.73410315250761,85.72553059944767
2026-01-15 22:00:00+00:00,85.45736141121145,85.47445459281184,85.46590800201164
2026-01-15 23:00:00+00:00,85.07175639713681,85.08877245002152,85.08026442357917
2026-01-16 00:00:00+00:00,85.28392107227292,85.30097956233637,85.29245031730464
2026-01-16 01:00:00+00:00,85.4989466941256,85.51604819361438,85.50749744387
2026-01-16 02:00:00+00:00,85.22431610938547,85.24136267726412,85.2328393933248
2026-01-16 03:00:00+00:00,85.53008754783426,85.54719527611664,85.53864141197545
2026-01-16 04:00:00+00:00,85.31428466132877,85.33134922471737,85.32281694302307
2026-01-16 05:00:00+00:00,85.40072286497613,85.41780471773441,85.40926379135527
2026-01-16 06:00:00+00:00,85.68141502808612,85.69855302489142,85.68998402648877
2026-01-16 07:00:00+00:00,85.66989591405127,85.68703160680334,85.6784637604273
2026-01-16 08:00:00+00:00,85.82586815140569,85.843035041725,85.83445159656534
2026-01-16 09:00:00+00:00,85.64875905305965,85.66589051801677,85.65732478553821
2026-01-16 10:00:00+00:00,85.58147701760159,85.59859502480582,85.5900360212037
2026-01-16 11:00:00+00:00,85.51103500727518,85.52813892466838,85.51958696597178
2026-01-16 12:00:00+00:00,85.25605317609175,85.27310609201855,85.26457963405515
2026-01-16 13:00:00+00:00,85.19579021466873,85.21283107679787,85.2043106457333
2026-01-16 14:00:00+00:00,84.66967835104417,84.6866139802773,84.67814616566073
2026-01-16 15:00:00+00:00,84.5034983252138,84.52040071511783,84.51194952016581
2026-01-16 16:00:00+00:00,84.4072612636805,84.42414440424729,84.41570283396389
2026-01-16 17:00:00+00:00,84.32081183923214,84.33767768818487,84.3292447637085
2026-01-16 18:00:00+00:00,84.23939812519926,84.25624768978075,84.24782290749
2026-01-16 19:00:00+00:00,84.21858877976264,84.23543418205882,84.22701148091073
2026-01-16 20:00:00+00:00,84.38025530172216,84.3971330405564,84.38869417113928
2026-01-16 21:00:00+00:00,84.6759400588719,84.69287694057184,84.68440849972187
2026-01-16 22:00:00+00:00,84.45614788362016,84.47304080248878,84.46459434305447
2026-01-16 23:00:00+00:00,84.05065361093351,84.06746542283689,84.0590595168852
2026-01-17 00:00:00+00:00,83.70104467740893,83.71778656053272,83.70941561897082
2026-01-17 01:00:00+00:00,83.53808594303078,83.5547952311482,83.54644058708949
2026-01-17 02:00:00+00:00,83.42057333964455,83.43725912289081,83.42891623126768
2026-01-17 03:00:00+00:00,83.16403455690612,83.18066902726453,83.17235179208532
2026-01-17 04:00:00+00:00,82.73398913401681,82.75053758668886,82.74226336035284
2026-01-17 05:00:00+00:00,82.58317996791757,82.59969825573992,82.59143911182875
2026-01-17 06:00:00+00:00,82.6431328682699,82.65966314787153,82.65139800807071
2026-01-17 07:00:00+00:00,82.8400675359836,82.85663720645783,82.84835237122071
2026-01-17 08:00:00+00:00,82.65556545039097,82.67209821675768,82.66383183357432
2026-01-17 09:00:00+00:00,82.51913190086054,82.53563737778842,82.52738463932448
2026-01-17 10:00:00+00:00,82.21381676058236,82.23026116837526,82.22203896447881
2026-01-17 11:00:00+00:00,82.20347847388112,82.21992081380989,82.2116996438455
2026-01-17 12:00:00+00:00,81.92497617995296,81.94136281385234,81.93316949690265
2026-01-17 13:00:00+00:00,82.1130055571252,82.12942980066097,82.12121767889309
2026-01-17 14:00:00+00:00,81.52852419324647,81.54483152881868,81.53667786103257
2026-01-17 15:00:00+00:00,81.41132820196363,81.42761209599341,81.41947014897852
2026-01-17 16:00:00+00:00,81.50944146901236,81.52574498765802,81.51759322833519
2026-01-17 17:00:00+00:00,81.56940050638454,81.58571601803698,81.57755826221076
2026-01-17 18:00:00+00:00,82.45282672289063,82.46931893745666,82.46107283017365
2026-01-17 19:00:00+00:00,82.5682754752618,82.5847907818875,82.57653312857465
2026-01-17 20:00:00+00:00,82.23732827205454,82.25377738262002,82.24555282733728
2026-01-17 21:00:00+00:00,82.20593136849514,82.22237419905188,82.21415278377351
2026-01-17 22:00:00+00:00,81.62392943768222,81.64025585621161,81.63209264694692
2026-01-17 23:00:00+00:00,81.59761820627025,81.61393936202708,81.60577878414867
2026-01-18 00:00:00+00:00,81.32616916165198,81.34243602217036,81.33430259191117
2026-01-18 01:00:00+00:00,81.62449573643349,81.64082226823396,81.63265900233372
2026-01-18 02:00:00+00:00,81.44526900201562,81.4615596848843,81.45341434344996
2026-01-18 03:00:00+00:00,81.40723775852409,81.42352083438338,81.41537929645374
2026-01-18 04:00:00+00:00,81.2005445675831,81.21678630066991,81.2086654341265
2026-01-18 05:00:00+00:00,81.7672959824405,81.78365107714644,81.77547352979347
2026-01-18 06:00:00+00:00,81.66229484923964,81.67862894161873,81.67046189542918
2026-01-18 07:00:00+00:00,82.26309742346501,82.27955168837619,82.2713245559206
2026-01-18 08:00:00+00:00,82.53143270048852,82.54794063782236,82.53968666915544
2026-01-18 09:00:00+00:00,82.69072886454832,82.7072686643012,82.69899876442476
2026-01-18 10:00:00+00:00,82.81278210340446,82.82934631624641,82.82106420982544
2026-01-18 11:00:00+00:00,82.94333069517695,82.95992102034852,82.95162585776274
2026-01-18 12:00:00+00:00,82.30623972040311,82.32270261463663,82.31447116751987
2026-01-18 13:00:00+00:00,82.21447553895989,82.23092007852163,82.22269780874076
2026-01-18 14:00:00+00:00,82.49288274734464,82.50938297391677,82.5011328606307
2026-01-18 15:00:00+00:00,82.47674964663044,82.49324664625972,82.48499814644508
2026-01-18 16:00:00+00:00,82.01446808560773,82.03087261967825,82.02267035264299
2026-01-18 17:00:00+00:00,81.99727819476651,82.01367929051504,82.00547874264078
2026-01-18 18:00:00+00:00,82.55811553158159,82.57462880601534,82.56637216879847
2026-01-18 19:00:00+00:00,82.97090821264325,82.98750405386991,82.97920613325658
2026-01-18 20:00:00+00:00,82.95033264840397,82.96692437410623,82.9586285112551
2026-01-18 21:00:00+00:00,83.26662627744481,83.28328126819939,83.2749537728221
2026-01-18 22:00:00+00:00,83.14464450127461,83.16127509323407,83.15295979725434
2026-01-18 23:00:00+00:00,82.57990000210673,82.59641763387033,82.58815881798853
2026-01-19 00:00:00+00:00,82.27509467832665,82.29155134292877,82.28332301062771
2026-01-19 01:00:00+00:00,82.7910530546454,82.80761292124299,82.7993329879442
2026-01-19 02:00:00+00:00,82.70036605584606,82.71690778322996,82.70863691953801
2026-01-19 03:00:00+00:00,82.61989345693881,82.63641908819334,82.62815627256607
2026-01-19 04:00:00+00:00,82.52086245604087,82.53736827911439,82.52911536757763
2026-01-19 05:00:00+00:00,83.1517861100124,83.16841813043645,83.16010212022442
2026-01-19 06:00:00+00:00,83.69435413592022,83.71109468080188,83.70272440836105
2026-01-19 07:00:00+00:00,84.44045763232931,84.45734741283384,84.44890252258158
2026-01-19 08:00:00+00:00,84.38675531493163,84.40363435389852,84.39519483441508
2026-01-19 09:00:00+00:00,84.48660150284158,84.50350051304318,84.49505100794238
2026-01-19 10:00:00+00:00,83.97560915671168,83.99240595822319,83.98400755746744
2026-01-19 11:00:00+00:00,84.47318335092949,84.49007967723232,84.4816315140809
2026-01-19 12:00:00+00:00,84.07951926786195,84.09633685347409,84.08792806066802
2026-01-19 13:00:00+00:00,84.15245642603992,84.16928860054259,84.16087251329125
2026-01-19 14:00:00+00:00,83.78390303429202,83.80066149074452,83.79228226251827
2026-01-19 15:00:00+00:00,83.58678503348686,83.60350406239645,83.59514454794166
2026-01-19 16:00:00+00:00,83.30731697155423,83.3239801012615,83.31564853640786
2026-01-19 17:00:00+00:00,83.10500120864485,83.12162387115283,83.11331253989884
2026-01-19 18:00:00+00:00,82.92597913616271,82.9425659906754,82.93427256341906
2026-01-19 19:00:00+00:00,82.74431550337937,82.76086602153185,82.75259076245561
2026-01-19 20:00:00+00:00,83.02059028231766,83.03719606095198,83.02889317163482
2026-01-19 21:00:00+00:00,82.6544944045697,82.67102695670582,82.66276068063776
2026-01-19 22:00:00+00:00,82.72744153614833,82.74398867916987,82.7357151076591
2026-01-19 23:00:00+00:00,83.13145946998539,83.14808742467484,83.13977344733011
2026-01-20 00:00:00+00:00,82.96098345408629,82.9775773101627,82.9692803821245
2026-01-20 01:00:00+00:00,82.72308816774373,82.7396344400045,82.73136130387411
2026-01-20 02:00:00+00:00,82.64684448966214,82.66337551166227,82.6551100006622
2026-01-20 03:00:00+00:00,83.03776839314779,83.05437760774788,83.04607300044783
2026-01-20 04:00:00+00:00,83.10226648706183,83.11888860257079,83.11057754481631
2026-01-20 05:00:00+00:00,82.92587351088191,82.94246034426742,82.93416692757467
2026-01-20 06:00:00+00:00,83.08653251489388,83.1031514832937,83.09484199909379
2026-01-20 07:00:00+00:00,82.72099643200166,82.73754228587343,82.72926935893754
2026-01-20 08:00:00+00:00,82.94675488812828,82.96334589820691,82.9550503931676
2026-01-20 09:00:00+00:00,83.0824363395787,83.09905448866154,83.09074541412012
2026-01-20 10:00:00+00:00,82.98020537677336,82.9968030776188,82.98850422719607
2026-01-20 11:00:00+00:00,82.70232759891285,82.7188697186446,82.71059865877872
2026-01-20 12:00:00+00:00,82.40952484663664,82.4260083999613,82.41776662329897
2026-01-20 13:00:00+00:00,82.58600972394613,82.60252857777631,82.59426915086122
2026-01-20 14:00:00+00:00,82.99299564276929,83.00959590192376,83.00129577234652
2026-01-20 15:00:00+00:00,82.78169676573131,82.79825476088396,82.78997576330764
2026-01-20 16:00:00+00:00,82.9336201188382,82.95020850170025,82.94191431026923
2026-01-20 17:00:00+00:00,82.24416312988146,82.2606136075552,82.25238836871833
2026-01-20 18:00:00+00:00,82.05206224455468,82.06847429820895,82.06026827138182
2026-01-20 19:00:00+00:00,82.04186907977274,82.05827909459018,82.05007408718146
2026-01-20 20:00:00+00:00,81.74388304327164,81.76023345492146,81.75205824909655
2026-01-20 21:00:00+00:00,81.43824120147293,81.45453047864093,81.44638584005693
2026-01-20 22:00:00+00:00,81.22100029834978,81.23724612299192,81.22912321067085
2026-01-20 23:00:00+00:00,81.31598453764356,81.33224936103342,81.32411694933849
2026-01-21 00:00:00+00:00,81.25507598611506,81.27132862657632,81.26320230634569
2026-01-21 01:00:00+00:00,80.53085218850782,80.54695996972364,80.53890607911573
2026-01-21 02:00:00+00:00,79.85061426676124,79.8665859867866,79.85860012677392
2026-01-21 03:00:00+00:00,79.65701511008484,79.6729481064065,79.66498160824567
2026-01-21 04:00:00+00:00,79.80298047129584,79.81894266360932,79.81096156745258
2026-01-21 05:00:00+00:00,78.93074588661314,78.94653361456325,78.9386397505882
2026-01-21 06:00:00+00:00,78.77312717057069,78.7888833716249,78.7810052710978
2026-01-21 07:00:00+00:00,78.60748481230718,78.62320788157658,78.61534634694188
2026-01-21 08:00:00+00:00,79.04523413841576,79.06104476630622,79.053139452361
2026-01-21 09:00:00+00:00,78.92359127574895,78.93937757263379,78.93148442419137
2026-01-21 10:00:00+00:00,79.04459139989306,79.06040189922298,79.05249664955802
2026-01-21 11:00:00+00:00,79.0892664717324,79.10508590697026,79.09717618935133
2026-01-21 12:00:00+00:00,78.41811065777406,78.4337958484247,78.42595325309938
2026-01-21 13:00:00+00:00,78.65944669413453,78.67518015681962,78.66731342547708
2026-01-21 14:00:00+00:00,78.72724777792949,78.74299480218751,78.7351212900585
2026-01-21 15:00:00+00:00,78.88746895807765,78.90324802977642,78.89535849392703
2026-01-21 16:00:00+00:00,80.13617252742252,80.15220136481175,80.14418694611713
2026-01-21 17:00:00+00:00,79.47089805818214,79.48679382737069,79.47884594277642
2026-01-21 18:00:00+00:00,80.02104632050587,80.03705213035097,80.02904922542842
2026-01-21 19:00:00+00:00,79.92909178978124,79.9450792068809,79.93708549833107
2026-01-21 20:00:00+00:00,80.02100835373011,80.03701415598107,80.02901125485559
2026-01-21 21:00:00+00:00,80.00644193662524,80.02244482530142,80.01444338096333
2026-01-21 22:00:00+00:00,79.87079050740556,79.88676626308259,79.87877838524408
2026-01-21 23:00:00+00:00,79.68894580259344,79.70488518569228,79.69691549414286
2026-01-22 00:00:00+00:00,79.79404786655667,79.81000827217053,79.8020280693636
2026-01-22 01:00:00+00:00,79.3112685461241,79.32713238621733,79.31920046617071
2026-01-22 02:00:00+00:00,79.54974389993814,79.5656554398721,79.55769966990512
2026-01-22 03:00:00+00:00,79.41742144094825,79.43330651374372,79.42536397734598
2026-01-22 04:00:00+00:00,79.05924281238175,79.07505624228723,79.0671495273345
2026-01-22 05:00:00+00:00,78.9170601156208,78.93284510614298,78.92495261088189
2026-01-22 06:00:00+00:00,79.31490165091151,79.33076621769837,79.32283393430494
2026-01-22 07:00:00+00:00,79.1452431649128,79.16107379660896,79.15315848076088
2026-01-22 08:00:00+00:00,79.25880415325818,79.27465749942345,79.26673082634082
2026-01-22 09:00:00+00:00,79.02740372409261,79.04321078554358,79.0353072548181
2026-01-22 10:00:00+00:00,79.26735365099431,79.28320870723012,79.27528117911221
2026-01-22 11:00:00+00:00,79.48500545606032,79.50090404701064,79.49295475153548
2026-01-22 12:00:00+00:00,80.07493058248711,80.0909471702624,80.08293887637475
2026-01-22 13:00:00+00:00,80.01871723987519,80.03472258385757,80.02671991186638
2026-01-22 14:00:00+00:00,80.23302330469232,80.2490715141742,80.24104740943326
2026-01-22 15:00:00+00:00,80.26450249920401,80.28055700515444,80.27252975217922
2026-01-22 16:00:00+00:00,80.68163267517602,80.69777061550508,80.68970164534055
2026-01-22 17:00:00+00:00,80.44997959164569,80.46607119672451,80.4580253941851
2026-01-22 18:00:00+00:00,80.69007981471121,80.70621944463714,80.69814962967418
2026-01-22 19:00:00+00:00,80.62726371668153,80.64339078213142,80.63532724940647
2026-01-22 20:00:00+00:00,80.60656510567459,80.62268803098824,80.61462656833142
2026-01-22 21:00:00+00:00,80.63615394548675,80.65228278916022,80.64421836732349
2026-01-22 22:00:00+00:00,80.71755378498702,80.73369891025655,80.72562634762178
2026-01-22 23:00:00+00:00,80.68003561090745,80.69617323179173,80.68810442134959
2026-01-23 00:00:00+00:00,80.74935764441257,80.76550913109013,80.75743338775135
2026-01-23 01:00:00+00:00,81.26069793488531,81.27695169984878,81.26882481736705
2026-01-23 02:00:00+00:00,81.58164338744238,81.59796134791593,81.58980236767916
2026-01-23 03:00:00+00:00,81.86576523293188,81.88214002345752,81.8739526281947
2026-01-23 04:00:00+00:00,81.71672869067302,81.73307367090919,81.72490118079111
2026-01-23 05:00:00+00:00,81.42658161183778,81.44286855685465,81.43472508434621
2026-01-23 06:00:00+00:00,81.73832428388373,81.75467358367048,81.7464989337771
2026-01-23 07:00:00+00:00,82.02525310368321,82.04165979497307,82.03345644932814
2026-01-23 08:00:00+00:00,82.5098637858948,82.52636740901428,82.51811559745454
2026-01-23 09:00:00+00:00,82.31076694728776,82.3272307470572,82.31899884717248
2026-01-23 10:00:00+00:00,82.23522433050962,82.25167302024471,82.24344867537717
2026-01-23 11:00:00+00:00,81.69769540569808,81.71403657889655,81.70586599229732
2026-01-23 12:00:00+00:00,81.56954008702371,81.58585562659508,81.5776978568094
2026-01-23 13:00:00+00:00,81.89534823001134,81.9117289377281,81.90353858386972
2026-01-23 14:00:00+00:00,81.74267551042851,81.75902568054761,81.75085059548806
2026-01-23 15:00:00+00:00,81.95236212409903,81.968754235735,81.96055817991702
2026-01-23 16:00:00+00:00,81.88993719329211,81.9063168186933,81.8981270059927
2026-01-23 17:00:00+00:00,81.99615405781527,82.01255492871393,82.0043544932646
2026-01-23 18:00:00+00:00,81.62059165682783,81.63691740773427,81.62875453228105
2026-01-23 19:00:00+00:00,81.64841578109058,81.66474709737842,81.6565814392345
2026-01-23 20:00:00+00:00,80.67735048810415,80.69348757191015,80.68541903000715
2026-01-23 21:00:00+00:00,80.61705987965063,80.63318490412901,80.62512239188982
2026-01-23 22:00:00+00:00,80.0929948487839,80.10901504977376,80.10100494927883
2026-01-23 23:00:00+00:00,80.4802951121132,80.49639278090251,80.48834394650785
2026-01-24 00:00:00+00:00,80.73094852243226,80.7470963269172,80.73902242467473
2026-01-24 01:00:00+00:00,80.88178842793371,80.89796640341686,80.88987741567529
2026-01-24 02:00:00+00:00,81.37537521802375,81.39165192073762,81.38351356938068
2026-01-24 03:00:00+00:00,81.06708691614638,81.08330195503349,81.07519443558994
2026-01-24 04:00:00+00:00,81.63568627751374,81.65201504764624,81.64385066258
2026-01-24 05:00:00+00:00,81.94065489487147,81.95704466482744,81.94884977984945
2026-01-24 06:00:00+00:00,81.86315758483626,81.87953185378011,81.87134471930818
2026-01-24 07:00:00+00:00,82.23586525690584,82.252314074839,82.24408966587242
2026-01-24 08:00:00+00:00,81.8727612318054,81.88913742167075,81.88094932673808
2026-01-24 09:00:00+00:00,81.60318501066563,81.61950727989468,81.61134614528015
2026-01-24 10:00:00+00:00,81.40477516990438,81.42105775319669,81.41291646155054
2026-01-24 11:00:00+00:00,81.23271202365753,81.24896019087898,81.24083610726825
2026-01-24 12:00:00+00:00,80.89012828158442,80.90630792520511,80.89821810339477
2026-01-24 13:00:00+00:00,81.28683929614876,81.30309828990737,81.29496879302806
2026-01-24 14:00:00+00:00,81.2027170303258,81.21895919794864,81.21083811413722
2026-01-24 15:00:00+00:00,81.31729523490436,81.33356032045991,81.32542777768214
2026-01-24 16:00:00+00:00,81.13198897283641,81.14821699343304,81.14010298313472
2026-01-24 17:00:00+00:00,80.54329845072847,80.55940872144568,80.55135358608707
2026-01-24 18:00:00+00:00,80.63035070212844,80.64647838503716,80.6384145435828
2026-01-24 19:00:00+00:00,80.01596028273582,80.03196507527161,80.02396267900372
2026-01-24 20:00:00+00:00,79.99399602144352,80.00999642068773,80.00199622106562
2026-01-24 21:00:00+00:00,79.55736406051015,79.57327712462866,79.5653205925694
2026-01-24 22:00:00+00:00,80.19229404002765,80.20833410284193,80.20031407143479
2026-01-24 23:00:00+00:00,80.48516460790132,80.50126325068719,80.49321392929426
2026-01-25 00:00:00+00:00,80.51921825519173,80.5353237093882,80.52727098228996
2026-01-25 01:00:00+00:00,80.92725937007901,80.9434464406601,80.93535290536956
2026-01-25 02:00:00+00:00,80.65376243045877,80.66989479618142,80.6618286133201
2026-01-25 03:00:00+00:00,80.82928777691714,80.84545525121996,80.83737151406855
2026-01-25 04:00:00+00:00,80.89391574035119,80.91009614153938,80.90200594094529
2026-01-25 05:00:00+00:00,80.979391339809,80.99558883782676,80.98749008881788
2026-01-25 06:00:00+00:00,81.39257953887147,81.40885968279363,81.40071961083255
2026-01-25 07:00:00+00:00,81.6314069333252,81.64773484750327,81.63957089041423
2026-01-25 08:00:00+00:00,81.72573706877039,81.74208385086236,81.73391045981637
2026-01-25 09:00:00+00:00,81.18653608956679,81.2027750206778,81.1946555551223
2026-01-25 10:00:00+00:00,80.87536262104737,80.89153931124059,80.88345096614398
2026-01-25 11:00:00+00:00,80.83567584368282,80.85184459572676,80.84376021970479
2026-01-25 12:00:00+00:00,80.86587275836617,80.88204755039705,80.8739601543816
2026-01-25 13:00:00+00:00,80.50111823108523,80.51722006491482,80.50916914800003
2026-01-25 14:00:00+00:00,81.28144665622389,81.29770457134666,81.28957561378527
2026-01-25 15:00:00+00:00,81.77596371557355,81.79232054399951,81.78414212978653
2026-01-25 16:00:00+00:00,81.97315631048326,81.98955258137244,81.98135444592785
2026-01-25 17:00:00+00:00,81.99678006944322,82.01318106555672,82.00498056749997
2026-01-25 18:00:00+00:00,81.92720779240808,81.94359487267458,81.93540133254133
2026-01-25 19:00:00+00:00,81.61584885932085,81.63217366157293,81.62401126044689
2026-01-25 20:00:00+00:00,81.64114733255191,81.65747719500466,81.64931226377828
2026-01-25 21:00:00+00:00,81.7253635914217,81.74171029881073,81.73353694511621
2026-01-25 22:00:00+00:00,81.32043673025979,81.33670244417723,81.32856958721851
2026-01-25 23:00:00+00:00,81.42921090237098,81.44549837329853,81.43735463783476
2026-01-26 00:00:00+00:00,81.37865611484727,81.39493347380613,81.3867947943267
2026-01-26 01:00:00+00:00,80.76000040848513,80.77615402392837,80.76807721620675
2026-01-26 02:00:00+00:00,80.48253935372088,80.49863747140338,80.49058841256213
2026-01-26 03:00:00+00:00,80.34949734340798,80.36556885002732,80.35753309671765
2026-01-26 04:00:00+00:00,80.95849265347582,80.97468597133829,80.96658931240705
2026-01-26 05:00:00+00:00,81.13892422664422,81.15515363443033,81.14703893053728
2026-01-26 06:00:00+00:00,80.7066417139096,80.72278465654664,80.71471318522812
2026-01-26 07:00:00+00:00,80.86369976294293,80.87987412033127,80.8717869416371
2026-01-26 08:00:00+00:00,80.36476247016193,80.38083703011196,80.37279975013695
2026-01-26 09:00:00+00:00,80.71355803818773,80.72970236422796,80.72163020120784
2026-01-26 10:00:00+00:00,80.56159668093203,80.57771061166129,80.56965364629666
2026-01-26 11:00:00+00:00,80.53142840748122,80.54753630395236,80.53948235571679
2026-01-26 12:00:00+00:00,80.95963602758538,80.97582957414555,80.96773280086546
2026-01-26 13:00:00+00:00,80.54387407721457,80.5599844630686,80.55192927014158
2026-01-26 14:00:00+00:00,80.095012226832,80.11103283133782,80.10302252908491
2026-01-26 15:00:00+00:00,79.90825671170958,79.92423996137688,79.91624833654323
2026-01-26 16:00:00+00:00,80.24084711841796,80.25689689281909,80.24887200561852
2026-01-26 17:00:00+00:00,79.75467148823111,79.7706240177817,79.7626477530064
2026-01-26 18:00:00+00:00,78.85625942474088,78.87203225390876,78.86414583932482
2026-01-26 19:00:00+00:00,78.71408095355865,78.72982534418843,78.72195314887354
2026-01-26 20:00:00+00:00,78.88799187042491,78.90377104671663,78.89588145857077
2026-01-26 21:00:00+00:00,79.26764746997995,79.28350258498546,79.2755750274827
2026-01-26 22:00:00+00:00,79.12092857470593,79.13675434299769,79.12884145885181
2026-01-26 23:00:00+00:00,78.9908258387426,79.00662558388485,78.99872571131372
2026-01-27 00:00:00+00:00,79.35625882450421,79.372131663553,79.36419524402861
2026-01-27 01:00:00+00:00,78.76496987084697,78.78072444027809,78.77284715556253
2026-01-27 02:00:00+00:00,78.64265762855251,78.65838773308869,78.6505226808206
2026-01-27 03:00:00+00:00,78.70258221091811,78.71832430156937,78.71045325624374
2026-01-27 04:00:00+00:00,78.84412803627315,78.85989843892067,78.8520132375969
2026-01-27 05:00:00+00:00,78.6835108026477,78.69924907863583,78.69137994064177
2026-01-27 06:00:00+00:00,78.69435130821297,78.71009175251903,78.702221530366
2026-01-27 07:00:00+00:00,77.91496724027421,77.93055179217744,77.92275951622582
2026-01-27 08:00:00+00:00,77.71008746827505,77.72563104012588,77.71785925420046
2026-01-27 09:00:00+00:00,77.85118421367017,77.86675600769229,77.85897011068123
2026-01-27 10:00:00+00:00,77.54589336195127,77.56140409169663,77.55364872682395
2026-01-27 11:00:00+00:00,77.56419145709388,77.57970584682427,77.57194865195908
2026-01-27 12:00:00+00:00,77.70296066126447,77.71850280761136,77.71073173443791
2026-01-27 13:00:00+00:00,77.5965652209413,77.612086086072,77.60432565350665
2026-01-27 14:00:00+00:00,77.64949287588176,77.6650243276021,77.65725860174193
2026-01-27 15:00:00+00:00,77.35104511358682,77.36651686978516,77.35878099168599
2026-01-27 16:00:00+00:00,77.28714512847226,77.30260410339544,77.29487461593385
2026-01-27 17:00:00+00:00,77.47602301000714,77.49151976428456,77.48377138714585
2026-01-27 18:00:00+00:00,77.52468484853792,77.54019133615638,77.53243809234715
2026-01-27 19:00:00+00:00,77.3430154341457,77.35848558424753,77.35075050919662
2026-01-27 20:00:00+00:00,77.41241284083854,77.4278968718098,77.42015485632417
2026-01-27 21:00:00+00:00,77.63400807072983,77.64953642517943,77.64177224795463
2026-01-27 22:00:00+00:00,77.00003022655406,77.015431772754,77.00773099965403
2026-01-27 23:00:00+00:00,77.35785402631309,77.37332714443018,77.36559058537163
2026-01-28 00:00:00+00:00,77.25387618810785,77.26932850857753,77.26160234834269
2026-01-28 01:00:00+00:00,77.38547112747354,77.40094976956324,77.39321044851839
2026-01-28 02:00:00+00:00,77.75695800951019,77.77251095640676,77.76473448295847
2026-01-28 03:00:00+00:00,77.33149756632675,77.34696541262464,77.3392314894757
2026-01-28 04:00:00+00:00,77.1123601029771,77.12778411739913,77.12007211018812
2026-01-28 05:00:00+00:00,77.02340876266398,77.03881498503874,77.03111187385136
2026-01-28 06:00:00+00:00,76.78231740122395,76.79767540050413,76.78999640086404
2026-01-28 07:00:00+00:00,77.31702041024347,77.33248536082057,77.32475288553202
2026-01-28 08:00:00+00:00,77.0525016718251,77.06791371336362,77.06020769259436
2026-01-28 09:00:00+00:00,76.88146670144083,76.89684453256423,76.88915561700253
2026-01-28 10:00:00+00:00,76.94434731626363,76.95973772476772,76.95204252051568
2026-01-28 11:00:00+00:00,76.5752410267487,76.59055760661204,76.58289931668037
2026-01-28 12:00:00+00:00,76.454139503613,76.46943186074945,76.46178568218123
2026-01-28 13:00:00+00:00,76.55128363168642,76.56659541959154,76.55893952563898
2026-01-28 14:00:00+00:00,76.44942788931797,76.46471930403732,76.45707359667765
2026-01-28 15:00:00+00:00,76.42087573470093,76.43616143841822,76.42851858655958
2026-01-28 16:00:00+00:00,76.2592388199547,76.274492193056,76.26686550650535
2026-01-28 17:00:00+00:00,75.79866586461777,75.81382711391562,75.8062464892667
2026-01-28 18:00:00+00:00,75.89623395111454,75.91141471598124,75.90382433354789
2026-01-28 19:00:00+00:00,76.43087953398191,76.44616723865917,76.43852338632054
2026-01-28 20:00:00+00:00,76.43650555233775,76.45179438233122,76.44414996733448
2026-01-28 21:00:00+00:00,76.50541019895948,76.5207128112605,76.51306150510999
2026-01-28 22:00:00+00:00,76.71769232258977,76.7330373955616,76.72536485907568
2026-01-28 23:00:00+00:00,76.32915908547695,76.3444264440299,76.33679276475343
2026-01-29 00:00:00+00:00,76.85073911373644,76.86611079872768,76.85842495623206
2026-01-29 01:00:00+00:00,76.91296075899774,76.9283448895626,76.92065282428017
2026-01-29 02:00:00+00:00,77.41664663974196,77.43213151755769,77.42438907864982
2026-01-29 03:00:00+00:00,77.18998328001895,77.20542282062901,77.19770305032398
2026-01-29 04:00:00+00:00,77.75337403325267,77.76892626328231,77.76115014826749
2026-01-29 05:00:00+00:00,77.99483199498522,78.01043252143685,78.00263225821104
2026-01-29 06:00:00+00:00,78.16756004995284,78.18319512547038,78.17537758771161
2026-01-29 07:00:00+00:00,78.24076679129767,78.25641650962775,78.24859165046271
2026-01-29 08:00:00+00:00,78.16302516114901,78.17865932959809,78.17084224537355
2026-01-29 09:00:00+00:00,78.53927658651389,78.55498601277381,78.54713129964385
2026-01-29 10:00:00+00:00,78.58338401774046,78.59910226636887,78.59124314205467
2026-01-29 11:00:00+00:00,77.96749421591885,77.98308927426787,77.97529174509336
2026-01-29 12:00:00+00:00,77.61985463494173,77.63538015842107,77.6276173966814
2026-01-29 13:00:00+00:00,77.56217479562535,77.5776887819831,77.56993178880423
2026-01-29 14:00:00+00:00,77.65841123096354,77.67394446653327,77.6661778487484
2026-01-29 15:00:00+00:00,77.64083493170331,77.65636465166163,77.64859979168247
2026-01-29 16:00:00+00:00,78.02032699885646,78.03593262481883,78.02812981183764
2026-01-29 17:00:00+00:00,77.4137944691865,77.42927877651105,77.42153662284878
2026-01-29 18:00:00+00:00,77.45826998827934,77.47376319159733,77.46601658993833
2026-01-29 19:00:00+00:00,76.89704295692883,76.9124239036149,76.90473343027186
2026-01-29 20:00:00+00:00,77.13107688982375,77.14650464797752,77.13879076890063
2026-01-29 21:00:00+00:00,77.10193958524889,77.11736151535894,77.10965055030391
2026-01-29 22:00:00+00:00,77.2314592211535,77.24690705778139,77.23918313946744
2026-01-29 23:00:00+00:00,76.96504402278218,76.98043857104157,76.97274129691188
2026-01-30 00:00:00+00:00,77.35994999667075,77.37542353402382,77.36768676534729
2026-01-30 01:00:00+00:00,77.68297360428728,77.698511752823,77.69074267855514
2026-01-30 02:00:00+00:00,77.86451121909644,77.88008567878623,77.87229844894134
2026-01-30 03:00:00+00:00,77.8241824780476,77.83974887118252,77.83196567461506
2026-01-30 04:00:00+00:00,78.00489965410019,78.02050219428502,78.0127009241926
2026-01-30 05:00:00+00:00,77.78464685565069,77.80020534087035,77.79242609826052
2026-01-30 06:00:00+00:00,78.05129924653987,78.06691106757127,78.05910515705557
2026-01-30 07:00:00+00:00,78.56797838444615,78.58369355163975,78.57583596804295
2026-01-30 08:00:00+00:00,78.90516268461892,78.92094529541691,78.91305399001791
2026-01-30 09:00:00+00:00,78.67522077389333,78.6909573917099,78.68308908280162
2026-01-30 10:00:00+00:00,78.78904137645549,78.8048007606692,78.79692106856234
2026-01-30 11:00:00+00:00,78.38255204885782,78.39823012707542,78.39039108796662
2026-01-30 12:00:00+00:00,78.56221930339525,78.57793331865746,78.57007631102636
2026-01-30 13:00:00+00:00,78.70394860900392,78.71969097296211,78.71181979098301
2026-01-30 14:00:00+00:00,78.11749674100668,78.13312180286107,78.12530927193387
2026-01-30 15:00:00+00:00,77.75531636087253,77.77086897940656,77.76309267013954
2026-01-30 16:00:00+00:00,77.66730399176883,77.68283900606862,77.67507149891873
2026-01-30 17:00:00+00:00,77.57389234888879,77.58940867899159,77.58165051394019
2026-01-30 18:00:00+00:00,77.19950337442637,77.21494481924574,77.20722409683606
2026-01-30 19:00:00+00:00,77.31971272685456,77.33517821594884,77.3274454714017
2026-01-30 20:00:00+00:00,77.39752732573602,77.41300837930653,77.40526785252128
2026-01-30 21:00:00+00:00,77.33740688604918,77.3528759143292,77.34514140018919
2026-01-30 22:00:00+00:00,77.10395612497851,77.11937845843684,77.11166729170768
2026-01-30 23:00:00+00:00,77.42807333079872,77.44356049418121,77.43581691248997
2026-01-31 00:00:00+00:00,77.94247447125754,77.95806452515718,77.95026949820736
2026-01-31 01:00:00+00:00,77.79186026623233,77.8074201942784,77.79964023025536
2026-01-31 02:00:00+00:00,77.60160688183512,77.61712875539885,77.60936781861699
2026-01-31 03:00:00+00:00,77.7542307893952,77.76978319079322,77.7620069900942
2026-01-31 04:00:00+00:00,77.64295729068786,77.65848743516045,77.65072236292416
2026-01-31 05:00:00+00:00,77.5996765146571,77.61519800210878,77.60743725838294
2026-01-31 06:00:00+00:00,77.82960386113736,77.84517133865732,77.83738759989734
2026-01-31 07:00:00+00:00,77.237450291869,77.25289932683087,77.24517480934993
2026-01-31 08:00:00+00:00,77.64581528377293,77.66134599990129,77.65358064183711
2026-01-31 09:00:00+00:00,77.66839191964459,77.6839271515517,77.67615953559815
2026-01-31 10:00:00+00:00,77.54065702925017,77.55616671162424,77.5484118704372
2026-01-31 11:00:00+00:00,77.51298486835658,77.528489015745,77.52073694205079
2026-01-31 12:00:00+00:00,77.5013368922793,77.51683870983952,77.50908780105941
2026-01-31 13:00:00+00:00,76.96650915665006,76.98190399796553,76.9742065773078
2026-01-31 14:00:00+00:00,77.42812867353531,77.44361584798746,77.43587226076139
2026-01-31 15:00:00+00:00,77.4409287969444,77.45641853167726,77.44867366431083
2026-01-31 16:00:00+00:00,77.57827643736306,77.59379364437123,77.58603504086715
2026-01-31 17:00:00+00:00,77.87411745970121,77.88969384083126,77.88190565026623
2026-01-31 18:00:00+00:00,77.55667771549449,77.57219060232626,77.56443415891037
2026-01-31 19:00:00+00:00,77.70370052380903,77.71924281814321,77.71147167097612
2026-01-31 20:00:00+00:00,77.62055822364144,77.63608388785258,77.62832105574701
2026-01-31 21:00:00+00:00,77.88391125220407,77.89948959228853,77.8917004222463
2026-01-31 22:00:00+00:00,77.22401556358201,77.2394619113295,77.23173873745576
2026-01-31 23:00:00+00:00,77.19341179016536,77.20885201654602,77.20113190335569
2026-02-01 00:00:00+00:00,77.00750088963532,77.0229039301173,77.01520240987631
2026-02-01 01:00:00+00:00,77.14076602581834,77.15619572199311,77.14848087390573
2026-02-01 02:00:00+00:00,77.28594073482601,77.30139946884638,77.2936701018362
2026-02-01 03:00:00+00:00,77.06749190888574,77.08290694877151,77.07519942882863
2026-02-01 04:00:00+00:00,76.84826250198809,76.86363369160743,76.85594809679776
2026-02-01 05:00:00+00:00,76.81425226488321,76.82961665177487,76.82193445832904
2026-02-01 06:00:00+00:00,76.53924611496996,76.55455549513096,76.54690080505046
2026-02-01 07:00:00+00:00,76.79745988362407,76.8128209117036,76.80514039766383
2026-02-01 08:00:00+00:00,76.6841268902765,76.69946524949049,76.6917960698835
2026-02-01 09:00:00+00:00,75.79761164385117,75.81277268228378,75.80519216306747
2026-02-01 10:00:00+00:00,75.68405432596437,75.69919265066203,75.6916234883132
2026-02-01 11:00:00+00:00,75.37030164116877,75.38537720905379,75.37783942511128
2026-02-01 12:00:00+00:00,74.88010367551703,74.89508119400398,74.8875924347605
2026-02-01 13:00:00+00:00,74.51038489025002,74.52528845758481,74.51783667391742
2026-02-01 14:00:00+00:00,74.54300029591897,74.55791038698726,74.55045534145312
2026-02-01 15:00:00+00:00,74.94021837591185,74.9552079185413,74.94771314722658
2026-02-01 16:00:00+00:00,75.03415765572794,75.04916598809231,75.04166182191013
2026-02-01 17:00:00+00:00,74.8523444022085,74.86731636828554,74.85983038524702
2026-02-01 18:00:00+00:00,74.98897093288731,75.00397022700331,74.99647057994531
2026-02-01 19:00:00+00:00,74.85139045556367,74.86636223083231,74.85887634319799
2026-02-01 20:00:00+00:00,74.64371188261744,74.65864211801751,74.65117700031747
2026-02-01 21:00:00+00:00,74.2998427353327,74.31470419002522,74.30727346267896
2026-02-01 22:00:00+00:00,73.78102021539495,73.795777895206,73.78839905530047
2026-02-01 23:00:00+00:00,73.66603403487593,73.68076871515095,73.67340137501344
2026-02-02 00:00:00+00:00,73.71262145500403,73.7273654536949,73.71999345434946
2026-02-02 01:00:00+00:00,73.68413742377628,73.69887572509116,73.69150657443372
2026-02-02 02:00:00+00:00,73.56163870573765,73.57635250485872,73.56899560529818
2026-02-02 03:00:00+00:00,73.28388189171302,73.29854013391558,73.2912110128143
2026-02-02 04:00:00+00:00,73.46239753486432,73.47709148376617,73.46974450931525
2026-02-02 05:00:00+00:00,73.07637663383989,73.09099337084035,73.08368500234012
2026-02-02 06:00:00+00:00,73.30356629489494,73.31822847437185,73.31089738463339
2026-02-02 07:00:00+00:00,73.01029021347041,73.02489373186494,73.01759197266767
2026-02-02 08:00:00+00:00,72.7908785051173,72.80543813678149,72.7981583209494
2026-02-02 09:00:00+00:00,72.36505458067961,72.37952903904159,72.3722918098606
2026-02-02 10:00:00+00:00,72.22006405150145,72.23450950885749,72.22728678017947
2026-02-02 11:00:00+00:00,72.50236286544495,72.51686478821031,72.50961382682763
2026-02-02 12:00:00+00:00,72.65205420158286,72.66658606560956,72.65932013359621
2026-02-02 13:00:00+00:00,72.93694883762305,72.95153768627543,72.94424326194924
2026-02-02 14:00:00+00:00,73.08944196512479,73.10406131545284,73.09675164028882
2026-02-02 15:00:00+00:00,72.76748670510646,72.78204165794277,72.77476418152462
2026-02-02 16:00:00+00:00,72.67126757371426,72.68580328079972,72.67853542725699
2026-02-02 17:00:00+00:00,72.44482885338843,72.45931926820057,72.4520740607945
2026-02-02 18:00:00+00:00,72.83142982869926,72.84599757143927,72.83871370006926
2026-02-02 19:00:00+00:00,72.48360771876428,72.49810589012516,72.49085680444472
2026-02-02 20:00:00+00:00,72.74318514076512,72.75773523280247,72.7504601867838
2026-02-02 21:00:00+00:00,73.0034749524079,73.0180771076139,73.0107760300109
2026-02-02 22:00:00+00:00,73.539709299673,73.55441871247422,73.54706400607361
2026-02-02 23:00:00+00:00,73.41929505911665,73.43398038666123,73.42663772288894
2026-02-03 00:00:00+00:00,73.62878613089897,73.64351336084813,73.63614974587355
2026-02-03 01:00:00+00:00,74.30384295484446,74.3187052096609,74.31127408225268
2026-02-03 02:00:00+00:00,74.12049693173122,74.13532251367576,74.12790972270349
2026-02-03 03:00:00+00:00,73.66677952235838,73.68151435174579,73.67414693705209
2026-02-03 04:00:00+00:00,73.11488013732028,73.1295045757916,73.12219235655594
2026-02-03 05:00:00+00:00,73.32361695267629,73.33828314268582,73.33095004768106
2026-02-03 06:00:00+00:00,72.7733743951009,72.78793052559298,72.78065246034694
2026-02-03 07:00:00+00:00,72.66507540333824,72.67960987186576,72.672342637602
